date,low,high,open,close,volume
2014-12-01 00:00:00,300,370,300,370,0.05655554
2014-12-02 00:00:00,377,378,377,378,15.0136
2014-12-03 00:00:00,377.01,378,377.9,378,0.54660842
2014-12-04 00:00:00,377.1,377.1,377.1,377.1,0.01
2014-12-06 00:00:00,378,378,378,378,0.015
2014-12-08 00:00:00,375,375.01,375.01,375,0.235
2014-12-10 00:00:00,360.5,398,398,360.5,0.02
2014-12-12 00:00:00,350,379,379,350,3.15
2014-12-18 00:00:00,340,345,345,340,2
2015-01-08 00:00:00,264.81,360,360,288.99,10.35
2015-01-13 00:00:00,260,260,260,260,1
2015-01-14 00:00:00,109.87,221,200,120,11.30463778
2015-01-15 00:00:00,150,224,191.99,204.22,2.97732076
2015-01-16 00:00:00,189,225.5,210.98,199.46,4.6899999999999
2015-01-17 00:00:00,184,210,210,184,0.112
2015-01-19 00:00:00,210,225.51,210,225.51,0.41
2015-01-20 00:00:00,208,218,215,218,0.04
2015-01-21 00:00:00,219,225.51,219,225.51,0.13770722
2015-01-22 00:00:00,216.59,257.73,245.5,226.32,4.36
2015-01-23 00:00:00,215,235,230,235,0.180001
2015-01-24 00:00:00,215,250.58,215,240,1.74
2015-01-25 00:00:00,245.32,256.26,248.02,254.53,478.75554094
2015-01-26 00:00:00,241.43,322.72,262.78,274.48,5180.31879404
2015-01-27 00:00:00,244.03,278.47,274.73,263.65,1630.21176553
2015-01-28 00:00:00,228.5,265.99,263.96,236.09,5339.7841370601
2015-01-29 00:00:00,221.14,242,235.89,235.03,6637.4043479001
2015-01-30 00:00:00,227.89,244.59,235,229.07,5774.2956521901
2015-01-31 00:00:00,217.11,234.67,229,218.45,5595.5773907902
2015-02-01 00:00:00,210,233.79,218.67,228.99,7233.4747219507
2015-02-02 00:00:00,220.89,240.1,228.39,237.83,7451.634216181
2015-02-03 00:00:00,225.32,243.9,237.01,228.58,8321.9429886407
2015-02-04 00:00:00,221.5,230.99,228.77,227.11,9144.8827744208
2015-02-05 00:00:00,215,228.9,227.11,216.76,7405.3015289305
2015-02-06 00:00:00,216.03,226.64,216.84,223.2,5693.9650666404
2015-02-07 00:00:00,222.67,230.5,223.2,229,4099.9989077302
2015-02-08 00:00:00,220,231.6,229.16,223.99,4294.5951908101
2015-02-09 00:00:00,216.45,225,224.01,221.1,6549.9890682103
2015-02-10 00:00:00,215,222,221.13,220.87,5397.8797521302
2015-02-11 00:00:00,217.46,223.61,221.07,219.81,8986.8481769705
2015-02-12 00:00:00,218,224.61,219.96,223.21,7833.4787598902
2015-02-13 00:00:00,221.55,242.36,223.2,236.49,15257.970993001
2015-02-14 00:00:00,236.08,259.98,236.92,256.66,15320.096153001
2015-02-15 00:00:00,228,267.86,256.66,235.54,16943.7794117
2015-02-16 00:00:00,229.6,241,235.54,234.68,10505.84218244
2015-02-17 00:00:00,233,248,234.41,244.82,16806.65257222
2015-02-18 00:00:00,231.93,246,244.9,237.49,12926.153137641
2015-02-19 00:00:00,235.58,245,237.49,240.9,9467.6985815808
2015-02-20 00:00:00,239.99,248.32,241.11,245.34,11201.812025651
2015-02-21 00:00:00,244,248.43,245.34,245.99,6213.9505030403
2015-02-22 00:00:00,234.01,247.48,245.72,236.83,8280.0047210004
2015-02-23 00:00:00,232,240.97,236.83,239.49,10028.2063282
2015-02-24 00:00:00,235.51,241.91,239.49,239.87,8923.5755789803
2015-02-25 00:00:00,235.1,241,239.87,238.19,7840.9048426703
2015-02-26 00:00:00,234.33,238.47,238.21,237.11,8549.8571264602
2015-02-27 00:00:00,236.29,259,237.21,254.42,20700.597198411
2015-02-28 00:00:00,250,256.97,254.42,255.59,7485.3833275902
2015-03-01 00:00:00,244.88,262,255.73,260.24,10419.57555991
2015-03-02 00:00:00,256.6,279.8,260.29,276.7,18215.97819007
2015-03-03 00:00:00,267.07,289.5,276.79,283.27,18829.85489077
2015-03-04 00:00:00,267.39,287,283.09,273.37,14753.67950837
2015-03-05 00:00:00,262.49,281.09,273.38,276.86,11638.13678252
2015-03-06 00:00:00,269.12,280,276.54,273.23,10144.84013154
2015-03-07 00:00:00,270.55,279.44,273.22,276.89,6221.9914153504
2015-03-08 00:00:00,270.29,278.97,276.86,275.5,5138.8000306002
2015-03-09 00:00:00,275,294.42,275.47,290.19,13736.242589619
2015-03-10 00:00:00,289.82,299.48,290.2,293.47,16271.02187007
2015-03-11 00:00:00,290.51,297.8,293.46,296.99,9776.4515954405
2015-03-12 00:00:00,291.87,298.9,296.98,296.05,9640.8733421
2015-03-13 00:00:00,284,296.43,295.87,284,12043.693022861
2015-03-14 00:00:00,280.86,289,284.37,283.95,7282.5964331103
2015-03-15 00:00:00,282.5,289.24,283.77,288,4415.8801558604
2015-03-16 00:00:00,287.41,294.99,287.99,292.37,8869.0568355102
2015-03-17 00:00:00,284.01,293.69,292.36,286.74,7791.7268092002
2015-03-18 00:00:00,250,287,286.63,258.5,18679.037008409
2015-03-19 00:00:00,249.2,266.8,258.62,263.05,16404.76508476
2015-03-20 00:00:00,259.31,267.42,263.06,263.31,7566.5908724105
2015-03-21 00:00:00,256.66,263.62,263.31,261.9,6016.5881879603
2015-03-22 00:00:00,259.71,271.27,261.57,269.45,5819.2452932403
2015-03-23 00:00:00,260.81,273.99,269.25,267.53,13635.269852891
2015-03-24 00:00:00,244.86,268.51,267.54,246.15,17690.10614793
2015-03-25 00:00:00,234.51,249.99,246.29,246.88,11846.581541901
2015-03-26 00:00:00,244.92,254.9,246.99,249.88,10904.288267481
2015-03-27 00:00:00,246.44,250.99,249.76,247.81,8447.8929583204
2015-03-28 00:00:00,247.81,254.99,247.93,253.52,5888.0487046903
2015-03-29 00:00:00,241,254,253.6,243.69,8522.3927847705
2015-03-30 00:00:00,237.94,250.06,243.6,248.78,11491.65408325
2015-03-31 00:00:00,242.87,249.98,248.78,245.5,8102.2670031603
2015-04-01 00:00:00,241.07,248.22,245.5,247.87,9892.6134753599
2015-04-02 00:00:00,245.8,255.24,247.5,254.39,8681.5471722203
2015-04-03 00:00:00,252.59,257.43,254.79,254.84,7181.2229727703
2015-04-04 00:00:00,251.26,256.6,255,254.36,4316.3513121901
2015-04-05 00:00:00,252.06,262,254.37,261.47,5194.8550409504
2015-04-06 00:00:00,255,263,261.49,256.85,7500.0938417103
2015-04-07 00:00:00,253.45,258.7,256.84,254.27,7876.0645052704
2015-04-08 00:00:00,244.29,255.75,254.23,246.58,7494.4953482703
2015-04-09 00:00:00,239.02,248.16,246.81,244.74,7622.9916323804
2015-04-10 00:00:00,232.35,244.66,244.46,236.78,11482.96191929
2015-04-11 00:00:00,234.77,239.99,236.78,237.91,5651.4660548802
2015-04-12 00:00:00,234.02,239.16,237.91,237.55,4387.1547264
2015-04-13 00:00:00,220.77,238,237.57,225.73,11641.75795232
2015-04-14 00:00:00,216.92,226.9,225.42,221.05,12054.596084071
2015-04-15 00:00:00,218.09,224.52,221.05,224.35,8708.3674313002
2015-04-16 00:00:00,223.66,230.75,224.35,229.45,8248.3897611202
2015-04-17 00:00:00,220.46,230.08,229.45,223.62,7338.9675477002
2015-04-18 00:00:00,222.18,224.04,223.55,224.02,4495.8018241
2015-04-19 00:00:00,223.44,226.72,224.04,224.03,4655.05391456
2015-04-20 00:00:00,223.45,227.45,224.03,225.37,7501.1207927302
2015-04-21 00:00:00,224.01,235.89,225.35,235.89,9517.5986675502
2015-04-22 00:00:00,232.78,238.6,235.89,233.98,7390.9531407002
2015-04-23 00:00:00,232.79,236.54,233.96,235.99,6599.6732431902
2015-04-24 00:00:00,230.12,236.93,235.95,231.51,6481.0714368102
2015-04-25 00:00:00,226.83,233.67,231.51,227.05,4932.9958869501
2015-04-26 00:00:00,215.56,227.91,227.05,221.27,9493.0891467904
2015-04-27 00:00:00,218.78,231.11,221.27,227.58,12011.709017251
2015-04-28 00:00:00,220.46,229.04,227.41,225.64,6806.3174469403
2015-04-29 00:00:00,220.2,227.3,225.39,225.6,6765.6367137502
2015-04-30 00:00:00,225.1,240,225.78,236.81,11345.968982131
2015-05-01 00:00:00,233.01,238.78,236.78,233.14,9969.2161304409
2015-05-02 00:00:00,233,237.15,233.15,235.94,6183.7134362703
2015-05-03 00:00:00,234.26,242.97,235.94,240.78,5731.7981587404
2015-05-04 00:00:00,238.06,243.99,240.88,239.75,8837.5391860503
2015-05-05 00:00:00,232,240,239.75,236.76,9267.3942895906
2015-05-06 00:00:00,228.38,237.87,236.76,230,7836.3143850603
2015-05-07 00:00:00,228.67,239.18,230,237.99,8754.8133802004
2015-05-08 00:00:00,236.35,247.06,237.97,244.54,8424.7122190505
2015-05-09 00:00:00,240,247.6,244.44,242.5,5018.6751944001
2015-05-10 00:00:00,239.63,244.89,242.59,241.57,5050.4800571401
2015-05-11 00:00:00,239.5,245.49,241.59,242.86,6176.4812421602
2015-05-12 00:00:00,240.37,243.4,242.74,242.03,6322.5714123403
2015-05-13 00:00:00,235.54,244.13,242.04,236.32,10028.94688273
2015-05-14 00:00:00,232.61,240,236.93,237.46,10365.96804077
2015-05-15 00:00:00,236.89,239,237.39,237.82,9083.0879089902
2015-05-16 00:00:00,235.48,237.99,237.91,236.73,2739.83077381
2015-05-17 00:00:00,236.7,238.45,236.72,237.12,4917.8941314001
2015-05-18 00:00:00,231.66,237.89,237.1,234.04,7092.7337665805
2015-05-19 00:00:00,231.53,234.92,234.04,232.59,6915.0730528706
2015-05-20 00:00:00,232.54,235,232.58,234.54,7055.1805497408
2015-05-21 00:00:00,234.16,236.74,234.55,235.77,6237.8836523108
2015-05-22 00:00:00,235.11,242,235.77,240.45,7695.0872386408
2015-05-23 00:00:00,237.89,240.64,240.41,239.36,3726.9801443103
2015-05-24 00:00:00,238.27,242,239.38,240.82,3406.3031682505
2015-05-25 00:00:00,236.71,241.4,240.68,237.43,3984.5148519503
2015-05-26 00:00:00,235.81,238.34,237.39,236.79,6214.2176611025
2015-05-27 00:00:00,236.47,238.75,236.8,237.35,6580.2815897223
2015-05-28 00:00:00,236.23,238.48,237.35,237.34,6022.7219441326
2015-05-29 00:00:00,235.01,237.68,237.25,236.89,6398.9813643534
2015-05-30 00:00:00,231,236.99,236.89,233.55,6280.9079992904
2015-05-31 00:00:00,229.55,233.94,233.61,230.21,5912.2879854518
2015-06-01 00:00:00,221.58,230.99,230.18,223.56,10192.017646563
2015-06-02 00:00:00,221.84,226.68,223.55,225.85,9003.065135023
2015-06-03 00:00:00,223.82,227.45,225.83,225.86,6865.5544388012
2015-06-04 00:00:00,223.56,226.07,225.85,224.57,5968.0439635207
2015-06-05 00:00:00,223.01,226.74,224.57,224.97,6597.6639720511
2015-06-06 00:00:00,224.27,225.61,225.03,225.48,3610.5014745102
2015-06-07 00:00:00,222.88,226.09,225.48,223.89,3622.8028596003
2015-06-08 00:00:00,223.63,230.16,223.88,229.1,6963.8762060507
2015-06-09 00:00:00,228.31,232.06,229.1,229.18,6346.6306686004
2015-06-10 00:00:00,227.98,230.45,229.31,228.73,5978.9945587503
2015-06-11 00:00:00,228.7,230.92,228.79,229.69,5605.9500507203
2015-06-12 00:00:00,229.01,231.32,229.68,229.47,6060.5316257202
2015-06-13 00:00:00,228.79,233.49,229.21,233.47,4139.5737214999
2015-06-14 00:00:00,232.53,235,233.49,233.6,2314.73634054
2015-06-15 00:00:00,233.6,238.5,233.61,236.99,6051.8625283904
2015-06-16 00:00:00,236.01,253.26,236.92,251.91,10434.118148151
2015-06-17 00:00:00,247,259.46,251.88,250.25,9886.200904801
2015-06-18 00:00:00,243.51,253.29,250.18,249.27,8234.7057127514
2015-06-19 00:00:00,245.04,251.05,249.33,246.33,6096.25794923
2015-06-20 00:00:00,240.46,246.99,246.33,246.13,4371.2145801102
2015-06-21 00:00:00,242,246.98,246.08,244.66,3694.45385093
2015-06-22 00:00:00,243.86,248.5,244.66,247.5,5569.1795186101
2015-06-23 00:00:00,243.01,248.06,247.48,244.52,5295.4367872002
2015-06-24 00:00:00,239.51,244.92,244.54,240.04,5323.5107252601
2015-06-25 00:00:00,239.91,243.44,240.14,242.44,5678.5554877602
2015-06-26 00:00:00,239.91,243.1,242.46,243,6539.2475854902
2015-06-27 00:00:00,242.6,252.22,242.99,251.59,5287.8661909002
2015-06-28 00:00:00,247.51,251.87,251.46,249.11,4290.9745535205
2015-06-29 00:00:00,249.09,257.99,249.11,257.54,10401.488728123
2015-06-30 00:00:00,255.91,269.39,257.53,263.82,12009.580879213
2015-07-01 00:00:00,255.12,265.45,263.83,259.02,8238.7119877023
2015-07-02 00:00:00,253,262,258.96,254.85,6283.4712652913
2015-07-03 00:00:00,252.77,257.37,254.86,256.95,4782.9834649802
2015-07-04 00:00:00,254.4,261,256.94,260.64,4091.546241901
2015-07-05 00:00:00,258.99,275.25,260.64,271.74,8452.8023618605
2015-07-06 00:00:00,268.27,277.88,272.17,269.94,10013.390944411
2015-07-07 00:00:00,264.5,272.11,269.78,266.18,6984.3621578031
2015-07-08 00:00:00,264.41,273.97,266.18,270.97,7798.1158809724
2015-07-09 00:00:00,267.1,272.5,271.5,269.75,6970.2822474518
2015-07-10 00:00:00,269,294.71,269.77,286.67,15892.666927253
2015-07-11 00:00:00,284.5,299,286.71,294.23,8509.5978354818
2015-07-12 00:00:00,293.5,316.52,294.29,312.16,12917.990757822
2015-07-13 00:00:00,281.62,312.91,312.19,293.08,12936.002782983
2015-07-14 00:00:00,286.25,297.78,292.93,287.51,7146.0614814615
2015-07-15 00:00:00,284.98,294.11,287.48,285.7,7586.0592526013
2015-07-16 00:00:00,275,292.78,285.7,279.38,8604.6712332821
2015-07-17 00:00:00,272.64,281.38,279.38,280.58,6977.0174465314
2015-07-18 00:00:00,276.34,282.71,280.14,277.71,4279.2608992106
2015-07-19 00:00:00,275,278.48,277.71,275.61,3464.1866759203
2015-07-20 00:00:00,273.34,280,275.6,280,5476.6165885505
2015-07-21 00:00:00,276.85,281.27,279.96,277.32,4943.5594343702
2015-07-22 00:00:00,275.01,278.54,277.33,277.89,4687.9093833104
2015-07-23 00:00:00,276.28,279.75,277.96,277.39,5306.8215753106
2015-07-24 00:00:00,276.43,291.52,277.23,289.12,7362.4690829512
2015-07-25 00:00:00,286.82,291.67,289.12,289.7,4102.4529600804
2015-07-26 00:00:00,288.65,294.49,289.68,293.89,3735.2366025502
2015-07-27 00:00:00,287.24,297,293.88,294.21,6461.0331349004
2015-07-28 00:00:00,293.65,298,294.22,295.76,5761.8696177005
2015-07-29 00:00:00,289.01,296.58,295.74,290.19,5223.3961706405
2015-07-30 00:00:00,286.56,291.56,290.26,288.49,5138.98154856
2015-07-31 00:00:00,282.79,290,288.49,285.19,5676.6184589301
2015-08-01 00:00:00,277.26,285.6,285.2,281.53,3932.44975145
2015-08-02 00:00:00,277.33,282.62,281.53,282.62,3361.0866893
2015-08-03 00:00:00,280.27,285.86,282.62,280.95,4741.72910667
2015-08-04 00:00:00,280.11,286.47,280.95,285.51,5580.22052955
2015-08-05 00:00:00,282.01,286.25,285.6,282.77,5765.48779667
2015-08-06 00:00:00,278.95,282.61,282.44,279.65,5027.85564067
2015-08-07 00:00:00,277.05,281.17,279.37,279.94,5212.4569006501
2015-08-08 00:00:00,260.07,280.16,280.06,262.02,6085.4494366402
2015-08-09 00:00:00,260.97,268.8,262.02,267.63,5046.9768751203
2015-08-10 00:00:00,263.17,268.89,267.6,265.15,5478.5821489302
2015-08-11 00:00:00,264.91,271.99,265.15,271.99,5796.1447928501
2015-08-12 00:00:00,265.79,272.4,271.99,266.94,6350.2560189503
2015-08-13 00:00:00,262.94,267.82,266.81,264.67,5343.4230175302
2015-08-14 00:00:00,262.5,267.98,264.48,266.17,6859.0769703304
2015-08-15 00:00:00,261.77,267.69,266.21,262.46,4116.06182042
2015-08-16 00:00:00,255.67,263.1,262.45,259.2,5493.6374875701
2015-08-17 00:00:00,255.58,261.57,259.2,257.31,6966.2795962111
2015-08-18 00:00:00,200,258.04,257.56,221.99,11541.06429515
2015-08-19 00:00:00,214.91,238.99,221.99,227.34,13329.690336092
2015-08-20 00:00:00,227.45,238.2,227.46,235.56,8819.5250817511
2015-08-21 00:00:00,231.15,236.99,235.56,232.85,8327.5346762816
2015-08-22 00:00:00,222.68,235.53,232.85,231.15,7197.2594892519
2015-08-23 00:00:00,226.15,233.25,231.16,229.21,4312.6176901007
2015-08-24 00:00:00,210,229.24,229.23,211.16,16523.779444942
2015-08-25 00:00:00,198.02,229.49,211.16,223.73,19685.205780352
2015-08-26 00:00:00,220.16,231.97,223.73,226.81,9756.2626206514
2015-08-27 00:00:00,224,229.99,226.72,225.8,7891.1464701313
2015-08-28 00:00:00,221.2,236.18,225.62,231.55,9155.3488651212
2015-08-29 00:00:00,228,233.95,231.55,230.61,4469.2511306408
2015-08-30 00:00:00,226.59,233.47,230.61,229.39,4975.9907423412
2015-08-31 00:00:00,225.23,233,229.4,230.75,6986.5157186716
2015-09-01 00:00:00,226.42,233.5,230.76,228.22,8595.9497727521
2015-09-02 00:00:00,226.43,231.43,228.22,229.97,7461.0841983313
2015-09-03 00:00:00,226.48,230.79,229.95,227.25,6668.2586248914
2015-09-04 00:00:00,227.24,232.49,227.24,231.39,7070.546360391
2015-09-05 00:00:00,230.12,237.24,231.43,236.01,5615.3197539509
2015-09-06 00:00:00,235.54,244.82,236.2,241.29,5273.5396927005
2015-09-07 00:00:00,239.21,242.98,241.26,241.31,4902.5811606806
2015-09-08 00:00:00,240.31,247.82,241.31,244.14,8296.9538545911
2015-09-09 00:00:00,238.6,244.69,244.24,238.75,6819.4362676805
2015-09-10 00:00:00,236.69,241.4,238.74,238.52,5811.4019531703
2015-09-11 00:00:00,238.5,241.54,238.55,240.9,5856.6428009808
2015-09-12 00:00:00,235.26,241.12,240.9,236.5,5480.2047137803
2015-09-13 00:00:00,229.72,236.91,236.5,230.82,5004.4299755601
2015-09-14 00:00:00,228.01,233.99,230.83,231.01,7984.5625132602
2015-09-15 00:00:00,230.26,232.43,231.02,230.6,7118.3079260501
2015-09-16 00:00:00,226.85,232,230.67,229.73,7655.6529884301
2015-09-17 00:00:00,229.01,235.93,229.72,233.34,7527.9983063207
2015-09-18 00:00:00,231.75,234.96,233.31,233.78,4688.4507946003
2015-09-19 00:00:00,232,234.31,233.78,232.88,3604.57190273
2015-09-20 00:00:00,231.84,234,232.88,232.24,3683.5539890801
2015-09-21 00:00:00,226.87,233.64,232.26,227.31,7599.8048157802
2015-09-22 00:00:00,224.45,232.5,227.31,231.28,8900.9666018602
2015-09-23 00:00:00,229.27,233,231.31,230.26,6357.6760485303
2015-09-24 00:00:00,230.09,235.99,230.26,235.27,9375.0941421305
2015-09-25 00:00:00,234.02,237.62,235.35,235.89,6186.8628384502
2015-09-26 00:00:00,233.5,236.2,235.88,234.69,4167.9524694702
2015-09-27 00:00:00,233.2,235.03,234.67,233.58,3302.8545018403
2015-09-28 00:00:00,233.53,240.52,233.53,239.99,8114.3221780101
2015-09-29 00:00:00,236.65,241.05,239.96,236.89,6984.7466153704
2015-09-30 00:00:00,236.26,238.75,236.88,237.14,5479.4328461003
2015-10-01 00:00:00,236.9,239.86,237.1,238.34,5676.9389148804
2015-10-02 00:00:00,236.97,239.4,238.34,238.28,5907.5492918304
2015-10-03 00:00:00,237.73,240.62,238.31,239.92,4332.2703189701
2015-10-04 00:00:00,239.07,240.28,239.93,239.87,3794.12085585
2015-10-05 00:00:00,237.5,240.98,239.87,240.95,7487.5617234706
2015-10-06 00:00:00,240.31,248,240.93,246.64,9574.8384979707
2015-10-07 00:00:00,240.2,247.96,246.7,244,8821.8597947106
2015-10-08 00:00:00,242.2,245.38,244,242.94,5622.4515675105
2015-10-09 00:00:00,241.1,244.88,242.94,244.35,4935.0255216107
2015-10-10 00:00:00,243.8,246.1,244.44,246.07,3688.5334136802
2015-10-11 00:00:00,245.63,250,246.06,249.02,4323.2196472901
2015-10-12 00:00:00,245.89,249.14,249.01,246.39,5402.1860854607
2015-10-13 00:00:00,244.86,251.5,246.43,250.99,6502.1852660804
2015-10-14 00:00:00,250.25,255,250.98,253.27,7587.4200466011
2015-10-15 00:00:00,253.18,256.77,253.25,254.99,6678.8912441013
2015-10-16 00:00:00,254.86,267.6,254.98,263.43,9215.9733901108
2015-10-17 00:00:00,263.05,274.81,263.45,272.87,11034.142306952
2015-10-18 00:00:00,262.94,273.5,272.88,265,5660.0181334008
2015-10-19 00:00:00,262.05,268.23,265,265.17,5364.1013245607
2015-10-20 00:00:00,264.38,272.95,265.09,271.14,4647.3318532301
2015-10-21 00:00:00,265,272.85,271.16,268.77,6195.0664689203
2015-10-22 00:00:00,268.75,280,268.77,275.84,8695.8838828106
2015-10-23 00:00:00,275.4,281.17,275.76,278.76,7072.8447038809
2015-10-24 00:00:00,278.75,284.49,278.76,284.29,5507.9767251604
2015-10-25 00:00:00,283.28,295.93,284.29,284.97,10695.668370631
2015-10-26 00:00:00,282.04,287.68,284.97,287.1,7477.9242194606
2015-10-27 00:00:00,286.89,297.99,287.1,295.61,11123.681787752
2015-10-28 00:00:00,295.65,308.93,295.68,304.09,16047.510770926
2015-10-29 00:00:00,301.8,320.99,304.1,316.08,12247.441075523
2015-10-30 00:00:00,315.9,336.97,316.07,329.11,16825.196388081
2015-10-31 00:00:00,306.29,334.28,329.11,314.85,15213.518109133
2015-11-01 00:00:00,311.44,332,314.84,329.46,10727.586974652
2015-11-02 00:00:00,326.07,371.82,329.45,365.21,19748.945247713
2015-11-03 00:00:00,362.07,422.3,365.14,404.1,40167.736640161
2015-11-04 00:00:00,368.15,499.99,404.06,410,50603.791693214
2015-11-05 00:00:00,366.66,450,410,387.21,27227.965619295
2015-11-06 00:00:00,351,395,387.21,374.09,20034.643204754
2015-11-07 00:00:00,371.43,392,374.26,384.81,8396.1245655836
2015-11-08 00:00:00,363.58,389,384.8,373.83,7459.0145599817
2015-11-09 00:00:00,360.8,386.96,373.84,379.53,11225.645675971
2015-11-10 00:00:00,322,382.23,379.55,337.14,16694.812262732
2015-11-11 00:00:00,293.32,341.75,337.14,313.2,18097.666294108
2015-11-12 00:00:00,312.24,344.99,313.2,336.49,15784.18817585
2015-11-13 00:00:00,325,343,336.49,338.07,10203.546404402
2015-11-14 00:00:00,329.4,339.57,338.08,334.71,6008.7101641905
2015-11-15 00:00:00,319.89,336.46,334.67,322.93,6329.3028270811
2015-11-16 00:00:00,316.12,334.1,322.94,332.89,7295.3965148209
2015-11-17 00:00:00,330.1,340.72,332.85,336.49,7262.456987491
2015-11-18 00:00:00,330,338,336.49,335.49,5204.3101167305
2015-11-19 00:00:00,324.9,336.38,335.5,326.41,6718.6309305506
2015-11-20 00:00:00,311.23,327.04,326.53,322.39,9324.4408142503
2015-11-21 00:00:00,316.33,328,322.39,327,5125.9588090201
2015-11-22 00:00:00,321,327,326.99,323.71,3426.1786015401
2015-11-23 00:00:00,322,326,323.72,323,4797.3646220801
2015-11-24 00:00:00,318,323.17,323.01,321,5234.6911193302
2015-11-25 00:00:00,316.26,330.06,320.96,328.98,7870.7141622403
2015-11-26 00:00:00,328.98,368.18,328.99,352.57,14023.747661011
2015-11-27 00:00:00,347.96,364.46,352.56,358.19,7234.7907059616
2015-11-28 00:00:00,351.09,359.63,358.2,357.24,5553.0544949902
2015-11-29 00:00:00,354.26,373.63,357.24,372.24,5537.9231390503
2015-11-30 00:00:00,367.5,382.87,372.25,376.86,11425.774727772
2015-12-01 00:00:00,354.6,378.94,376.88,362.68,9267.0430858618
2015-12-02 00:00:00,347.55,363.06,362.68,360,8966.9882415905
2015-12-03 00:00:00,356.52,369.99,360,361.77,7242.5043725204
2015-12-04 00:00:00,355.43,364.85,361.89,363.98,5864.7056489103
2015-12-05 00:00:00,363.97,390,363.98,387.99,8731.8393008503
2015-12-06 00:00:00,375.22,401.01,388.03,387.55,9639.5728349603
2015-12-07 00:00:00,383,397.57,387.53,394.73,7577.5779853919
2015-12-08 00:00:00,386.69,418.94,394.73,418.94,8264.814572022
2015-12-09 00:00:00,401,425,417.84,418.39,13811.444294055
2015-12-10 00:00:00,408,419.5,418.39,415.68,7117.8382366406
2015-12-11 00:00:00,415.67,453.13,415.68,452.95,13643.469446142
2015-12-12 00:00:00,403,469.34,452.95,436.87,29525.269964373
2015-12-13 00:00:00,419.42,443.83,436.9,433.83,6720.0135999308
2015-12-14 00:00:00,429.12,450,433.38,444.01,165495.81553882
2015-12-15 00:00:00,443.76,464.95,444.03,464.27,11008.156856624
2015-12-16 00:00:00,440,464.73,464.5,453.97,35979.094619994
2015-12-17 00:00:00,446.01,456.33,453.96,455.5,6287.1080410216
2015-12-18 00:00:00,453.28,465.1,455.5,463.17,5045.1100246506
2015-12-19 00:00:00,451.58,465.6,463.14,461.29,6991.3843634608
2015-12-20 00:00:00,430,461.3,461.29,442.22,8376.4233529114
2015-12-21 00:00:00,424.66,444.44,442.36,436.81,6845.9412036609
2015-12-22 00:00:00,432.58,442,436.85,433.92,6659.3019689309
2015-12-23 00:00:00,428.29,445.11,433.94,442.43,7571.530727221
2015-12-24 00:00:00,442.42,460,442.43,455.74,6860.1775308608
2015-12-25 00:00:00,450.01,458.99,455.74,455.84,3482.6605117504
2015-12-26 00:00:00,410,458.29,455.82,419.41,13505.222648453
2015-12-27 00:00:00,410.02,429.85,419.41,424.72,5568.9768396021
2015-12-28 00:00:00,418,429.9,424.73,421.94,6929.6179948613
2015-12-29 00:00:00,419.31,433.9,421.94,433.89,6387.097138561
2015-12-30 00:00:00,422.35,434.99,433.89,427.95,4884.6157296109
2015-12-31 00:00:00,419.04,434,427.9,430.35,6480.6935736809
2016-01-01 00:00:00,427.92,437.15,430.35,435.66,3863.2774505405
2016-01-02 00:00:00,432.41,437.56,435.67,435.4,3276.7096211303
2016-01-03 00:00:00,425.02,435.75,435.4,431.91,3904.3253181104
2016-01-04 00:00:00,431.37,435.79,431.9,433.85,5894.4457231707
2016-01-05 00:00:00,430,435.64,433.84,433.34,5150.0494756905
2016-01-06 00:00:00,428.15,433.46,433.32,430.87,5476.8699594412
2016-01-07 00:00:00,430.64,460.15,430.66,459.07,13906.640729024
2016-01-08 00:00:00,447.53,464.4,459.07,454.44,8347.0550396009
2016-01-09 00:00:00,447.66,456,454.41,450.38,4247.5496509509
2016-01-10 00:00:00,442.96,451.39,450.39,449.99,3954.3223995204
2016-01-11 00:00:00,445.88,452.65,449.99,449.19,5597.6141831506
2016-01-12 00:00:00,431.83,449.44,449.26,434.01,6596.9454529205
2016-01-13 00:00:00,425,437.5,434.01,432.77,9009.1407091215
2016-01-14 00:00:00,428,435.27,432.7,430.03,5672.8209624504
2016-01-15 00:00:00,357.3,430.29,430.04,357.53,28641.653585517
2016-01-16 00:00:00,350.92,391,357.59,388.7,17985.104784491
2016-01-17 00:00:00,372,391,388.7,378.46,8278.4017934806
2016-01-18 00:00:00,370.1,386.1,378.47,384.89,8711.4597560414
2016-01-19 00:00:00,370,385.5,384.79,375.27,8133.0890103409
2016-01-20 00:00:00,369,425.1,375.28,418.54,13874.681659312
2016-01-21 00:00:00,403.21,424.78,418.89,409.38,8736.439028891
2016-01-22 00:00:00,373.86,413.99,409.02,382.9,13430.103039241
2016-01-23 00:00:00,382.55,398.72,382.93,387.5,6308.7500222005
2016-01-24 00:00:00,387.49,406.93,387.5,403.05,3550.8317718301
2016-01-25 00:00:00,386.41,403.04,403.04,391.4,6491.9998118605
2016-01-26 00:00:00,387.78,397,391.4,391.54,6981.0099003503
2016-01-27 00:00:00,390.7,397.18,391.7,394.79,6324.1641902705
2016-01-28 00:00:00,377.12,395,394.6,379.61,9103.7154988729
2016-01-29 00:00:00,363.25,385.05,379.63,378.68,12105.290436892
2016-01-30 00:00:00,375,382.04,378.68,378.46,4154.2964224006
2016-01-31 00:00:00,365,382.5,378.46,367.95,5506.7468130217
2016-02-01 00:00:00,366.26,379,367.89,371.33,7931.2292292211
2016-02-02 00:00:00,371.17,374.41,371.33,372.93,6856.2181579908
2016-02-03 00:00:00,365.63,373.01,372.93,368.87,7147.9565732816
2016-02-04 00:00:00,368.74,390.63,368.87,387.99,8887.7272324031
2016-02-05 00:00:00,382.99,389.36,387.99,384.5,7443.8443322423
2016-02-06 00:00:00,370.05,384.54,384.44,375.44,6276.6147372914
2016-02-07 00:00:00,373.24,379.81,375.44,377.49,4160.8291113108
2016-02-08 00:00:00,370.5,379.35,377.47,371.14,7094.2085777712
2016-02-09 00:00:00,370.13,374.93,371.02,372.68,8424.5522075012
2016-02-10 00:00:00,371.87,383.34,372.76,378.44,9734.280824752
2016-02-11 00:00:00,360,379.5,378.49,378.23,10412.363715862
2016-02-12 00:00:00,377.46,382.05,378.23,382.05,6162.1767133706
2016-02-13 00:00:00,381.99,396,382.05,391,5978.8564717108
2016-02-14 00:00:00,391,406.92,391,406.59,7555.1648502712
2016-02-15 00:00:00,394.03,409.09,406.62,398.95,6568.4853828419
2016-02-16 00:00:00,390,407.5,398.94,407.42,5647.1850706918
2016-02-17 00:00:00,405.69,420.13,407.41,415.2,8707.1340027011
2016-02-18 00:00:00,415.01,423.2,415.18,421.19,6518.637611801
2016-02-19 00:00:00,416,422,421.18,420.72,5800.2175318307
2016-02-20 00:00:00,420.09,444.03,420.72,437.46,9366.3485603912
2016-02-21 00:00:00,426.01,448.7,438.04,438.56,7111.1445864114
2016-02-22 00:00:00,430.95,439,438.56,437.55,5131.7998832812
2016-02-23 00:00:00,414.16,440.9,437.45,419.97,9159.0322446321
2016-02-24 00:00:00,410,425.6,420.32,423.94,7231.1223652809
2016-02-25 00:00:00,418.6,426.44,423.87,423.54,6049.8181152615
2016-02-26 00:00:00,419.53,430.85,423.51,430.85,6782.0374652812
2016-02-27 00:00:00,430.14,434.97,430.84,433.12,5520.6202689409
2016-02-28 00:00:00,423,436.07,433.09,433.73,5149.9300902405
2016-02-29 00:00:00,431.13,442,433.73,436.44,7578.8900694016
2016-03-01 00:00:00,427.5,437.78,436.41,433.08,7580.2210627824
2016-03-02 00:00:00,418.36,435.36,433.03,420.39,7437.5294352501
2016-03-03 00:00:00,408.63,422.8,420.44,418.8,11833.710870932
2016-03-04 00:00:00,405.5,422.21,418.76,407.35,8960.9535718408
2016-03-05 00:00:00,381.09,408.83,407.38,396.08,14903.213784571
2016-03-06 00:00:00,385.01,409.27,396.13,403.24,7675.1365629903
2016-03-07 00:00:00,395,418.74,403.24,412.21,9910.7442423909
2016-03-08 00:00:00,407.4,416.33,412.21,411.18,7501.4764955703
2016-03-09 00:00:00,408.75,414,411.18,412.8,5399.2703620408
2016-03-10 00:00:00,410.71,416.52,412.64,415.98,7908.7538674906
2016-03-11 00:00:00,414.97,421,415.98,419.39,7041.4581430406
2016-03-12 00:00:00,406.52,421.3,419.48,410.58,6897.1050990005
2016-03-13 00:00:00,410.01,416.38,410.56,412.52,4663.3287972501
2016-03-14 00:00:00,411.61,415.84,412.51,415.02,6672.7126524005
2016-03-15 00:00:00,412.48,416.94,415.02,415.41,7355.0795999305
2016-03-16 00:00:00,413,416.39,415.41,416.07,6274.8088109007
2016-03-17 00:00:00,415.7,419.75,416.06,418.41,6108.4432848004
2016-03-18 00:00:00,399.21,418.66,418.42,409.65,8597.5867638009
2016-03-19 00:00:00,404.72,411,409.66,410.2,4840.1335791404
2016-03-20 00:00:00,409.36,415.34,410.09,411.27,4726.1071747202
2016-03-21 00:00:00,406.89,412.13,411.25,412,6020.5181082302
2016-03-22 00:00:00,411,417.79,411.98,416.66,6124.6918560601
2016-03-23 00:00:00,413.95,418.99,416.66,417.53,5506.9194528102
2016-03-24 00:00:00,410,417.72,417.53,412.95,5064.5893652503
2016-03-25 00:00:00,411,416.87,412.86,416.41,4598.6610383002
2016-03-26 00:00:00,414.37,417.77,416.42,416.97,3641.0028567802
2016-03-27 00:00:00,416.35,426.5,416.96,425.3,4658.0980305407
2016-03-28 00:00:00,419.63,425.36,425.29,423,5717.8600706707
2016-03-29 00:00:00,407.75,424.62,422.92,416.39,7361.855275191
2016-03-30 00:00:00,407.56,416.41,416.4,412.79,5831.4936037901
2016-03-31 00:00:00,412.74,417.6,412.97,416.03,5235.5427838502
2016-04-01 00:00:00,414.12,417.68,416.03,417.68,5353.913183851
2016-04-02 00:00:00,417.04,420.5,417.68,419.95,3944.0764839002
2016-04-03 00:00:00,418.33,420.8,419.95,420.16,3266.9738127202
2016-04-04 00:00:00,417.58,421,420.08,419.47,5323.835294621
2016-04-05 00:00:00,418.01,423.43,419.48,422.36,5727.6862963607
2016-04-06 00:00:00,420.61,423,422.4,421.46,5211.9614015305
2016-04-07 00:00:00,419.41,422.74,421.36,421.99,5025.8811866206
2016-04-08 00:00:00,415.71,424.65,421.99,419.48,6434.7500261512
2016-04-09 00:00:00,415.51,419.79,419.48,419.46,3519.9891114905
2016-04-10 00:00:00,419.46,423.99,419.46,423.4,2990.0366443603
2016-04-11 00:00:00,420.15,424,423.29,423.94,5093.2182516103
2016-04-12 00:00:00,423.14,429.77,423.95,427.8,6997.0334985113
2016-04-13 00:00:00,423.59,429.44,427.8,425.58,5885.0451447607
2016-04-14 00:00:00,424.52,428,425.58,426.32,4732.2267217502
2016-04-15 00:00:00,425.72,431.1,426.35,430.93,4184.0093907204
2016-04-16 00:00:00,429.89,434.89,430.82,433.39,4133.9859868206
2016-04-17 00:00:00,429.15,434.93,433.69,431,3299.6904129705
2016-04-18 00:00:00,428.44,434.46,431.08,430.97,5277.3212060607
2016-04-19 00:00:00,429.22,438.2,430.9,437.06,6226.5952807308
2016-04-20 00:00:00,436.17,444.07,437.06,442.96,7150.9566952813
2016-04-21 00:00:00,441.99,453.8,442.87,452.25,7693.4310086111
2016-04-22 00:00:00,445.07,452.95,452.25,448.41,6811.6429212216
2016-04-23 00:00:00,447.03,455.84,448.57,455.69,4618.067159031
2016-04-24 00:00:00,454.55,465,455.68,464.46,6186.4437905609
2016-04-25 00:00:00,454.65,472.38,464.47,466.17,9493.2598468317
2016-04-26 00:00:00,464.01,472.11,466.17,470.59,7471.1075617716
2016-04-27 00:00:00,434,470.79,470.3,445.31,11629.442575902
2016-04-28 00:00:00,434.79,451.88,445.3,451.68,7644.6921046112
2016-04-29 00:00:00,448.5,459.44,451.67,458.82,5965.0973501315
2016-04-30 00:00:00,450.13,459.33,458.8,454.02,4710.0595045002
2016-05-01 00:00:00,451.55,457.07,454.02,456.98,2941.0810104306
2016-05-02 00:00:00,440.02,457.63,456.98,446.42,7694.1182319419
2016-05-03 00:00:00,443.61,453.29,446.53,452.21,5892.4513837215
2016-05-04 00:00:00,446.76,453.23,452.21,448.68,4883.5400147608
2016-05-05 00:00:00,447,451.56,448.59,449.98,5335.519911521
2016-05-06 00:00:00,448.84,463.73,449.99,462.31,6191.7472051519
2016-05-07 00:00:00,459.55,464,462.31,461.91,3463.8802064001
2016-05-08 00:00:00,457.5,465,461.91,462.79,3275.5779424203
2016-05-09 00:00:00,459.41,465.9,462.6,464.16,5882.8415698712
2016-05-10 00:00:00,448.2,465,464.15,452.78,6814.2570551903
2016-05-11 00:00:00,452.5,458.65,452.77,454.37,5746.4054936501
2016-05-12 00:00:00,449.27,456.57,454.56,456.48,6119.0446247607
2016-05-13 00:00:00,453.84,458.03,456.48,457.98,5404.1170297204
2016-05-14 00:00:00,456,459.83,457.97,458.9,3295.1597074001
2016-05-15 00:00:00,458.49,463.62,458.9,461.47,3269.9524574099
2016-05-16 00:00:00,451.48,461.59,461.48,455.66,6019.1723665507
2016-05-17 00:00:00,452.2,457.49,455.64,454.19,6033.9084258503
2016-05-18 00:00:00,453.6,457.88,454.19,455.56,5512.0659486002
2016-05-19 00:00:00,435,456.41,455.56,438.38,8405.7937892417
2016-05-20 00:00:00,435.5,445.85,437.91,445.65,7178.7353620014
2016-05-21 00:00:00,441.88,446.99,445.52,446.28,3945.71821234
2016-05-22 00:00:00,440.89,446.45,446.27,442.48,3779.5197405602
2016-05-23 00:00:00,440.79,446.3,442.45,445.67,5659.3164721803
2016-05-24 00:00:00,440.5,448.5,445.56,446.99,6536.7824736022
2016-05-25 00:00:00,446.86,452.42,446.98,451.49,6167.8661382803
2016-05-26 00:00:00,449,454.99,451.45,454.97,5843.6319740212
2016-05-27 00:00:00,454.35,476.75,454.97,471.27,9886.9864882834
2016-05-28 00:00:00,470.13,539.49,471.21,523.25,12107.098798467
2016-05-29 00:00:00,491.01,549.99,523.35,525.22,9957.4692431848
2016-05-30 00:00:00,519,541,525.22,532.55,5960.3133220129
2016-05-31 00:00:00,520.01,544.9,532.56,531.34,8491.9426813634
2016-06-01 00:00:00,524.39,541.5,531.25,534.84,5736.4938322413
2016-06-02 00:00:00,531.86,541.2,534.85,537.87,6329.8196656917
2016-06-03 00:00:00,535.96,578,538.06,571.25,10203.593873202
2016-06-04 00:00:00,564.29,594.64,571.09,576.31,6931.9573781708
2016-06-05 00:00:00,570.22,585,576.31,575.17,4984.2494482005
2016-06-06 00:00:00,575,588.15,575.17,586.77,6790.9958923303
2016-06-07 00:00:00,475,590.95,586.75,579.71,10079.796841735
2016-06-08 00:00:00,572.96,583.99,579.72,583.21,5661.7491727215
2016-06-09 00:00:00,574,583.48,583.19,577.46,4979.6304403507
2016-06-10 00:00:00,573.5,581,577.47,580.31,5659.4266165912
2016-06-11 00:00:00,580.31,610,580.31,609.5,5542.1952586414
2016-06-12 00:00:00,605,687.71,609.5,677.86,17998.504575362
2016-06-13 00:00:00,663.55,720,677.45,706.01,15497.153070563
2016-06-14 00:00:00,650.02,706.45,706.02,684.95,12443.095563802
2016-06-15 00:00:00,673,699.3,684.99,698.78,7913.0354712508
2016-06-16 00:00:00,698.76,777.68,698.76,769.76,16806.858737631
2016-06-17 00:00:00,709.01,778.5,769.71,752.26,14007.082450982
2016-06-18 00:00:00,734.8,785.15,752,758.99,9593.4995222618
2016-06-19 00:00:00,744.77,771.92,759,768.76,5442.6387854906
2016-06-20 00:00:00,701.01,768.94,768.94,703.12,9837.1938471521
2016-06-21 00:00:00,628.6,718.26,706.47,667.66,26108.678872719
2016-06-22 00:00:00,568.11,679.99,667.88,604.5,15589.035761442
2016-06-23 00:00:00,544.13,637.89,606.13,631.1,20473.563588867
2016-06-24 00:00:00,631.01,700,631.1,669.98,19078.845306722
2016-06-25 00:00:00,650,699,669.98,673.71,7691.5532365512
2016-06-26 00:00:00,625.01,675.19,673.71,638.56,5678.3860154608
2016-06-27 00:00:00,630,659.98,638.56,657.87,6624.3398024507
2016-06-28 00:00:00,638,663.53,657.86,648.43,5696.746777151
2016-06-29 00:00:00,630.02,648.43,648.43,639.42,6485.1268580707
2016-06-30 00:00:00,635.14,675,639.41,673.49,7764.2464679909
2016-07-01 00:00:00,667,688.99,673.5,678.19,6839.6885422706
2016-07-02 00:00:00,676.92,705.21,678.09,704.95,4976.8404691606
2016-07-03 00:00:00,651,705.25,705.25,663.55,6495.7084625905
2016-07-04 00:00:00,653.16,683.69,664.09,681.98,4327.4107689002
2016-07-05 00:00:00,662.51,682.37,681.98,669.87,5043.8118265204
2016-07-06 00:00:00,665,680.79,669.75,678.79,5668.2380782804
2016-07-07 00:00:00,611.94,683.44,678.79,641.97,12280.745613431
2016-07-08 00:00:00,638.04,667.33,641.97,667.33,11053.79974175
2016-07-09 00:00:00,608,667.3,667.07,657.61,9607.6959149006
2016-07-10 00:00:00,641,657.61,657.6,652.44,3705.8941475301
2016-07-11 00:00:00,648.11,664.27,652.43,650.97,4815.4370460001
2016-07-12 00:00:00,648.6,675.5,651.25,666.56,10666.069713841
2016-07-13 00:00:00,654.86,671.45,666.25,655.34,21881.75122995
2016-07-14 00:00:00,640,663.99,655.3,661.65,4649.6436953505
2016-07-15 00:00:00,660.68,669.98,661.4,667.48,4725.7436124905
2016-07-16 00:00:00,662.01,669.99,667.48,666.32,2907.5148248001
2016-07-17 00:00:00,665.95,680.99,666.3,680,3944.4240240503
2016-07-18 00:00:00,670,684.94,680,675.5,4547.72178477
2016-07-19 00:00:00,666.17,676.87,675.51,673.98,3799.7711782801
2016-07-20 00:00:00,664.6,674.99,673.98,666.92,3603.8627995602
2016-07-21 00:00:00,661.19,668.4,667.15,667.28,3967.8718084101
2016-07-22 00:00:00,647.59,669.94,667.27,654.67,7371.9646656504
2016-07-23 00:00:00,653.92,662.35,654.7,657.5,4379.5114055201
2016-07-24 00:00:00,655.01,666.37,657.68,661,3423.0812296801
2016-07-25 00:00:00,653.77,664.13,660.92,657.79,4101.5377383902
2016-07-26 00:00:00,645,658.99,657.99,654.06,6470.7402215103
2016-07-27 00:00:00,646.56,658.99,654.06,657.35,5175.1413743602
2016-07-28 00:00:00,654.1,659.97,657,657.4,3832.9884094802
2016-07-29 00:00:00,651,659,657.4,657,4246.2126948102
2016-07-30 00:00:00,652.95,658.98,657.18,655.87,2979.9574150802
2016-07-31 00:00:00,621.37,657,655.95,626.97,6299.6413830905
2016-08-01 00:00:00,599,629.34,626.97,605.2,7981.7178736205
2016-08-02 00:00:00,483,613.38,604.87,537.47,14828.846159841
2016-08-03 00:00:00,519.3,576,538.8,573.36,20292.859716999
2016-08-04 00:00:00,562.11,599.95,573.35,587.5,9514.3283751511
2016-08-05 00:00:00,570.39,592.87,587.5,583,5478.3887955404
2016-08-06 00:00:00,574.5,591.72,583,591.71,3907.4935982402
2016-08-07 00:00:00,587.2,598.65,591.7,595.14,3288.6473717601
2016-08-08 00:00:00,590,595.99,595.14,591.48,3851.8866242402
2016-08-09 00:00:00,585.38,594.04,591.58,586.45,4817.6262473803
2016-08-10 00:00:00,583.29,601.09,586.75,594.94,9439.6803561526
2016-08-11 00:00:00,585.6,599.99,594.94,587.91,5060.8559244002
2016-08-12 00:00:00,583.62,590.09,587.9,587.74,3870.8906875502
2016-08-13 00:00:00,586,589.5,587.68,586.45,2839.68534681
2016-08-14 00:00:00,565.19,586.49,586.45,574.99,4154.4769823001
2016-08-15 00:00:00,561.56,574.97,574.97,567.79,4403.1617351601
2016-08-16 00:00:00,566.09,581.99,567.85,579.02,4692.46182455
2016-08-17 00:00:00,569.67,581.99,579.02,574.45,4509.7743737001
2016-08-18 00:00:00,573,576.99,574.45,574.09,3964.9884295001
2016-08-19 00:00:00,572.68,576.99,574.05,573.67,4038.3030006401
2016-08-20 00:00:00,572.38,583.92,573.68,581.87,3581.2242534901
2016-08-21 00:00:00,579.34,583.99,581.72,581.29,2442.63374814
2016-08-22 00:00:00,579.22,586.99,581.34,585.2,4493.4213700701
2016-08-23 00:00:00,577.47,586.77,585.19,582.39,5092.2746250506
2016-08-24 00:00:00,575.29,582.68,582.39,578.47,3857.02318764
2016-08-25 00:00:00,573.12,579,578.68,575.58,4109.1125613201
2016-08-26 00:00:00,574.85,579.86,575.57,579.29,3354.1831710401
2016-08-27 00:00:00,568.95,579.45,579.29,570.84,3059.49308936
2016-08-28 00:00:00,569.65,575.41,570.83,575.41,2587.45426087
2016-08-29 00:00:00,571.24,577.73,575.41,573.21,4569.5624841
2016-08-30 00:00:00,572.53,576.83,573.21,574.95,4175.84646427
2016-08-31 00:00:00,569.21,575.15,574.95,572.89,4439.6238369401
2016-09-01 00:00:00,568.12,573.31,572.89,573.02,5203.0055657902
2016-09-02 00:00:00,570,577.97,572.94,576.21,4827.4345989501
2016-09-03 00:00:00,574.67,600.99,576.41,600.91,4705.6993606
2016-09-04 00:00:00,597.52,617.13,600.93,611.92,4592.8509818901
2016-09-05 00:00:00,601.63,611.99,611.94,605.69,3010.75003224
2016-09-06 00:00:00,605.47,612.99,605.93,612.99,4169.6978846301
2016-09-07 00:00:00,609.21,618.53,612.99,615.21,4680.9577166002
2016-09-08 00:00:00,613.43,631.3,615.22,627.97,5225.0367726902
2016-09-09 00:00:00,618.25,628.69,627.97,622.07,4502.8655758702
2016-09-10 00:00:00,620.59,626.54,622.07,623.74,2819.13150751
2016-09-11 00:00:00,591.8,630.11,623.58,607.94,4289.6247761003
2016-09-12 00:00:00,603,609.45,607.94,606.74,3986.1472797302
2016-09-13 00:00:00,605.16,609.99,606.86,608.63,3888.0705229203
2016-09-14 00:00:00,608,611.99,608.39,608.43,3744.7431743802
2016-09-15 00:00:00,603.33,609.49,608.47,605.44,3965.6819502007
2016-09-16 00:00:00,603.15,608.1,605.43,607.93,4171.0056327718
2016-09-17 00:00:00,604,608.99,607.95,607.92,2942.64908837
2016-09-18 00:00:00,607.22,611.93,607.92,611.4,3091.4551330405
2016-09-19 00:00:00,607.4,612.46,611.4,608.6,3096.4685379203
2016-09-20 00:00:00,605.6,609.92,608.6,605.6,4601.0328486706
2016-09-21 00:00:00,592.63,605.6,605.6,597,4885.8970405904
2016-09-22 00:00:00,594.78,598.54,597,596.21,3998.4060101401
2016-09-23 00:00:00,595.14,603.3,595.99,602.96,3759.0236907001
2016-09-24 00:00:00,601.08,605.94,602.96,603.68,2646.49759755
2016-09-25 00:00:00,599.42,605.99,603.69,601.67,2577.17870414
2016-09-26 00:00:00,600.02,607.99,601.67,607.08,4292.3272400702
2016-09-27 00:00:00,601.38,607.54,607.04,605.71,4345.5188888505
2016-09-28 00:00:00,603.18,606,605.71,605.04,3710.0120722006
2016-09-29 00:00:00,603.56,606.89,604.96,605.99,4106.8220570607
2016-09-30 00:00:00,605,608.99,605.99,608.99,4626.8193699303
2016-10-01 00:00:00,608.98,617.19,608.99,615.65,3480.0159391101
2016-10-02 00:00:00,608.66,615.9,615.65,612.4,2911.8918914001
2016-10-03 00:00:00,610.7,615.24,612.42,612.99,4436.7828150501
2016-10-04 00:00:00,606.93,613.23,612.99,610.34,5060.8631278902
2016-10-05 00:00:00,609.22,614.24,610.33,613.16,4454.4036950203
2016-10-06 00:00:00,610.3,613.39,613.16,611.88,3920.0753158303
2016-10-07 00:00:00,609.89,618.7,611.78,617.98,5119.9888995404
2016-10-08 00:00:00,617.55,620,618.11,619.5,2793.95535361
2016-10-09 00:00:00,617,619.59,619.46,617.42,2329.86207734
2016-10-10 00:00:00,615.46,619.2,617.43,618.72,3896.5958263701
2016-10-11 00:00:00,618.13,647.03,618.72,642.12,6316.2348127806
2016-10-12 00:00:00,631.91,643.58,642.3,635.79,4334.3754257907
2016-10-13 00:00:00,632,639.85,635.9,635.66,3845.204611851
2016-10-14 00:00:00,624.08,639.99,635.8,638.03,4365.8370246911
2016-10-15 00:00:00,636,639.99,638.03,638.16,683.79807091999
2016-10-16 00:00:00,637.87,643.91,638.16,641.92,2544.92768739
2016-10-17 00:00:00,636.27,643.47,642.1,639.56,3950.2316708306
2016-10-18 00:00:00,632.15,640,639.56,635.11,4126.5759781905
2016-10-19 00:00:00,625.6,636.99,635.12,629.79,4465.1482883412
2016-10-20 00:00:00,626.01,629.99,629.79,628.05,4170.4662670308
2016-10-21 00:00:00,627.5,633.41,628.19,630.83,4162.7698504808
2016-10-22 00:00:00,629.32,658,630.67,652.75,4585.0845212006
2016-10-23 00:00:00,645.33,655.8,653.03,651.04,3075.7395670903
2016-10-24 00:00:00,645.81,652.93,651.05,649.98,3670.4614184809
2016-10-25 00:00:00,648.99,657.5,649.98,654.3,4814.888391721
2016-10-26 00:00:00,652.51,678,654.3,674,5843.1370655412
2016-10-27 00:00:00,673.54,692.41,674,691.21,6771.8537476802
2016-10-28 00:00:00,683.2,691.19,691.01,689.95,4409.9865400102
2016-10-29 00:00:00,689.39,725.64,689.95,714.28,6583.4989689203
2016-10-30 00:00:00,692.04,714.98,714.28,697.41,3799.5223560902
2016-10-31 00:00:00,681.01,709.68,697.39,696.9,4474.1485640303
2016-11-01 00:00:00,695.74,737.5,697.07,730.7,6909.1819656203
2016-11-02 00:00:00,720,744.6,730.7,744.6,5095.7508538004
2016-11-03 00:00:00,672.06,746.16,744.61,690,10331.349638331
2016-11-04 00:00:00,683.8,708.33,690,706.32,5229.2199460303
2016-11-05 00:00:00,697.72,707.99,706.05,706.99,2999.21458017
2016-11-06 00:00:00,705.86,719.83,706.98,717.02,3013.17627869
2016-11-07 00:00:00,701.35,717.32,717.04,706.42,4168.7873634203
2016-11-08 00:00:00,704.16,716.45,706.41,711.15,4358.9794828801
2016-11-09 00:00:00,710.05,747.26,711.3,720.97,12022.233209681
2016-11-10 00:00:00,705.84,723.61,721,712.91,4441.8839125603
2016-11-11 00:00:00,712.5,718.99,713,716.9,3363.9157749601
2016-11-12 00:00:00,702.42,716.99,716.56,704.53,3130.2205721302
2016-11-13 00:00:00,685.7,705.94,704.63,704.01,4207.7758680601
2016-11-14 00:00:00,695.07,708.57,704.01,708.32,4818.7533488099
2016-11-15 00:00:00,671.23,716.3,708.4,712.29,4793.8124835099
2016-11-16 00:00:00,710,743.8,711.92,739.85,6194.4582722302
2016-11-17 00:00:00,729.01,750.01,738.07,730.71,4171.45353425
2016-11-18 00:00:00,728.89,751,729.61,748.54,4633.6371455403
2016-11-19 00:00:00,738,752.3,748.55,750.77,2953.71110824
2016-11-20 00:00:00,715,753.81,750.77,731.99,4322.1250360301
2016-11-21 00:00:00,730,738.47,731.72,736.4,2984.9436579201
2016-11-22 00:00:00,726.38,748.77,736.39,746.66,4276.8415765003
2016-11-23 00:00:00,734,747.12,746.66,741.52,3626.9565213901
2016-11-24 00:00:00,727,743.99,741.51,737.99,3472.6009038001
2016-11-25 00:00:00,729,739.99,737.99,739.74,3157.8061066301
2016-11-26 00:00:00,726,739.98,739.51,735.7,2706.77529551
2016-11-27 00:00:00,728.01,737.95,735.69,729.24,2682.6616626401
2016-11-28 00:00:00,729,736.44,729.24,729.77,3864.8935908102
2016-11-29 00:00:00,728.2,734.36,730.18,732.37,3807.4625890601
2016-11-30 00:00:00,729.17,745,732.44,742.69,3949.9028758502
2016-12-01 00:00:00,741.59,754.9,742.51,754,4190.1899116501
2016-12-02 00:00:00,753.53,780,754,769.25,6041.0344526203
2016-12-03 00:00:00,759,771.92,769.78,766.98,3180.0820534201
2016-12-04 00:00:00,762.83,769.76,766.86,767.99,2759.9125704302
2016-12-05 00:00:00,748.6,767.99,767.94,752,4823.7310266103
2016-12-06 00:00:00,752,761.58,752.01,759.8,4499.0735513301
2016-12-07 00:00:00,750.26,768.9,759.93,764.34,4572.3201407602
2016-12-08 00:00:00,761.71,772.82,764.34,767.89,4839.3282776901
2016-12-09 00:00:00,765.97,773.22,767.9,773.22,3932.1778927701
2016-12-10 00:00:00,770,776.99,773.15,775.87,3365.89926147
2016-12-11 00:00:00,765,776.08,776.05,771.05,3105.09201254
2016-12-12 00:00:00,770.88,782,771.05,778.94,4390.03689871
2016-12-13 00:00:00,772.76,790.34,779.26,776.18,5414.7407447902
2016-12-14 00:00:00,773.2,781.8,776.65,777.66,4486.5846030501
2016-12-15 00:00:00,775,780,777.66,776.16,5927.4878613604
2016-12-16 00:00:00,774.8,785,776.16,780.98,5719.66238907
2016-12-17 00:00:00,779.5,791.97,780.85,788.57,4364.3303709101
2016-12-18 00:00:00,787.19,791.96,788.98,790.72,2847.04584842
2016-12-19 00:00:00,789,794.99,790.71,790.81,5496.3838112701
2016-12-20 00:00:00,788.58,799.21,791,798.99,5925.2006012706
2016-12-21 00:00:00,798.88,834.5,798.98,834.5,8432.7506495905
2016-12-22 00:00:00,832.38,875.75,834.15,856.02,8778.2106408707
2016-12-23 00:00:00,855.45,918.5,856.45,917.26,12732.473106801
2016-12-24 00:00:00,880.1,918.19,917.28,891.5,6458.0297668203
2016-12-25 00:00:00,851.11,897.4,891.59,896.12,5380.1474565905
2016-12-26 00:00:00,890,908.24,895.94,902.09,3297.8967550901
2016-12-27 00:00:00,895,943.36,902.08,925.2,6719.7492310209
2016-12-28 00:00:00,923.95,983.46,925.28,982.17,9792.3268312916
2016-12-29 00:00:00,950.5,988.88,982.25,970.72,8997.8590162207
2016-12-30 00:00:00,930.3,970.51,970.51,960.81,7945.763020171
2016-12-31 00:00:00,949,973.37,961.52,973.37,3837.2878859201
2017-01-01 00:00:00,964.37,1000,973.37,992.95,4421.5028828302
2017-01-02 00:00:00,990.52,1034.39,992.96,1011.45,7723.6357516215
2017-01-03 00:00:00,1006.71,1036.99,1011.52,1020.67,8614.2500581414
2017-01-04 00:00:00,1018,1147,1020.69,1130.3,16222.230266662
2017-01-05 00:00:00,880,1175,1131.1,1007,20438.581925454
2017-01-06 00:00:00,875.01,1033.85,1007,895.71,14262.504267053
2017-01-07 00:00:00,802.07,910,895.78,909,11215.102851714
2017-01-08 00:00:00,899.16,953.8,908.99,923.33,5410.0034990912
2017-01-09 00:00:00,886.42,923.58,922.04,902.66,5909.5781216714
2017-01-10 00:00:00,899.01,915.1,902.66,907,7221.7892366516
2017-01-11 00:00:00,765,923.98,906.81,795.77,19443.615284278
2017-01-12 00:00:00,734.64,840,795.8,812.25,13198.295955123
2017-01-13 00:00:00,782.85,835.01,812.25,831.42,10492.403710022
2017-01-14 00:00:00,822.34,847.52,831.42,828,4774.3037756107
2017-01-15 00:00:00,819,835,828,833.31,2941.9150486202
2017-01-16 00:00:00,826.03,840,833.43,834.41,3428.7919304501
2017-01-17 00:00:00,830.1,909,834.4,906,7253.4785706008
2017-01-18 00:00:00,850,916.7,906.09,887.99,6937.9865236508
2017-01-19 00:00:00,883.08,907,887.98,902.92,5070.1846300105
2017-01-20 00:00:00,890,904.59,902.92,894.31,3110.5897419401
2017-01-21 00:00:00,891.28,930,894.31,925.06,4666.6608888703
2017-01-22 00:00:00,902,946.25,925.06,931.22,5044.1435480106
2017-01-23 00:00:00,910.63,931.33,929.45,910.7,4141.4322738902
2017-01-24 00:00:00,880,923,911.78,887,6401.7351526906
2017-01-25 00:00:00,886.99,903.98,887,896,4535.1045761405
2017-01-26 00:00:00,896,921.95,896.75,917.02,4718.0825334404
2017-01-27 00:00:00,911,924.47,917.02,922.63,3719.0654857902
2017-01-28 00:00:00,921.81,925.5,922.89,924.98,2634.5379973901
2017-01-29 00:00:00,915,927.47,924.69,916.54,2592.34365375
2017-01-30 00:00:00,914.69,923.95,916.56,923.23,3617.9428620303
2017-01-31 00:00:00,922.94,972.3,923.26,970.01,6732.2627866405
2017-02-01 00:00:00,963.84,992.75,970.01,992.75,5993.6259664506
2017-02-02 00:00:00,978.74,1010,992.75,1008.38,5728.2123807703
2017-02-03 00:00:00,994.34,1024.5,1008.4,1018,6776.2697184606
2017-02-04 00:00:00,1001.8,1044.12,1018.48,1035.54,4793.8052261603
2017-02-05 00:00:00,1003.02,1036.3,1035.54,1016.32,4621.3916908602
2017-02-06 00:00:00,1014.64,1027.7,1016.32,1022.58,4366.0436008401
2017-02-07 00:00:00,1021.75,1058.26,1022.65,1053.96,5492.4088090103
2017-02-08 00:00:00,1016.49,1069.95,1053.95,1056.7,6978.5845029703
2017-02-09 00:00:00,925,1079,1057.22,994.24,16567.071136292
2017-02-10 00:00:00,961,1008,993.58,1001.99,7943.6763367808
2017-02-11 00:00:00,995.49,1023.89,1001.88,1018.65,4321.9705956403
2017-02-12 00:00:00,1008,1018.88,1018.63,1010,1315.7295579
2017-02-13 00:00:00,985.68,1021.5,1009.99,1002.82,4721.7405828305
2017-02-14 00:00:00,992.27,1018.97,1002.88,1013.92,5910.4903279509
2017-02-15 00:00:00,1007.66,1016,1013.92,1014.53,4494.3501684202
2017-02-16 00:00:00,1013.02,1041.88,1014.58,1038.94,5996.2932325105
2017-02-17 00:00:00,1036.29,1064.6,1038.95,1057.3,6334.6984537806
2017-02-18 00:00:00,1055.6,1073.8,1057.29,1062.15,3934.7478854203
2017-02-19 00:00:00,1051.26,1067.78,1062.14,1059.88,3025.4142450602
2017-02-20 00:00:00,1051.36,1095,1059.88,1089.82,4434.4419852003
2017-02-21 00:00:00,1081.95,1132.95,1089.98,1128.29,7487.524017711
2017-02-22 00:00:00,1104.9,1140,1129.67,1128.71,6035.8234675907
2017-02-23 00:00:00,1128.22,1197,1129.87,1186.9,7574.4599592009
2017-02-24 00:00:00,1103.32,1221.93,1185.81,1186.91,12744.917448462
2017-02-25 00:00:00,1110,1189.49,1186.91,1158,6033.3774282908
2017-02-26 00:00:00,1130.88,1187.33,1157.98,1184.91,4454.4439949604
2017-02-27 00:00:00,1176,1198.99,1184.91,1195.81,5776.4562166709
2017-02-28 00:00:00,1179.64,1214.94,1195.84,1195.08,6720.3823694209
2017-03-01 00:00:00,1085.71,1230,1194.53,1230,8122.9356829807
2017-03-02 00:00:00,1220,1298.61,1230,1269.17,8940.263351121
2017-03-03 00:00:00,1255.61,1294.99,1269.17,1292.86,8290.6282100915
2017-03-04 00:00:00,1226.41,1294.48,1293.06,1273.97,6385.0309063313
2017-03-05 00:00:00,1247.11,1278.99,1273.94,1278.98,3996.5338676503
2017-03-06 00:00:00,1268.78,1288,1278.63,1284.99,4763.5733115504
2017-03-07 00:00:00,1050,1288,1284.99,1237.36,10811.134803361
2017-03-08 00:00:00,1128,1246,1237.36,1150.22,13005.734888952
2017-03-09 00:00:00,1131.11,1214.95,1150.22,1197.3,8524.4628333212
2017-03-10 00:00:00,956.85,1360,1197.3,1109.01,25696.846456967
2017-03-11 00:00:00,1107,1219,1111.92,1188.11,10281.238149542
2017-03-12 00:00:00,1150,1244,1188.11,1235.58,6729.1513355114
2017-03-13 00:00:00,1206,1249,1235.27,1245.49,9584.3357186128
2017-03-14 00:00:00,1213.55,1262,1245.5,1247.42,7464.2496953612
2017-03-15 00:00:00,1240,1264.55,1247.43,1263,7273.3089643007
2017-03-16 00:00:00,1117.77,1277.27,1263.55,1175.11,16599.289710212
2017-03-17 00:00:00,1065.74,1175.11,1175.11,1069.57,19215.386545492
2017-03-18 00:00:00,919.44,1096,1068.78,970,23964.993783462
2017-03-19 00:00:00,961.59,1062.92,970,1019.49,13518.289513751
2017-03-20 00:00:00,1011,1051.97,1019.1,1044.96,8919.4154215114
2017-03-21 00:00:00,1042.68,1120,1046.75,1114.42,12493.158303391
2017-03-22 00:00:00,985.17,1114.96,1114.42,1034.57,14577.910023502
2017-03-23 00:00:00,1013,1057.41,1038.94,1025.14,7782.5874498707
2017-03-24 00:00:00,920.1,1030.3,1025.13,934.87,19000.191115752
2017-03-25 00:00:00,890.05,973.99,933.93,963.72,16665.099714312
2017-03-26 00:00:00,943.9,1005,963.72,973.08,9503.6085905306
2017-03-27 00:00:00,961.1,1045.9,973.97,1042.08,10233.889465251
2017-03-28 00:00:00,1016.25,1069.39,1042.27,1045.4,9055.3519640907
2017-03-29 00:00:00,1005.77,1058.16,1045.54,1043.27,8676.3027691305
2017-03-30 00:00:00,1022,1052.94,1043.09,1042.34,8312.8136560803
2017-03-31 00:00:00,1038.11,1094.49,1042.32,1088.99,11270.592462411
2017-04-01 00:00:00,1071.45,1110.95,1088.99,1092,6726.9704280204
2017-04-02 00:00:00,1080,1119,1092,1113.99,7882.3542550403
2017-04-03 00:00:00,1112.24,1168.72,1113.23,1152.6,12694.078609041
2017-04-04 00:00:00,1124.98,1164.14,1152.09,1143.99,8959.6033726606
2017-04-05 00:00:00,1114.9,1144.99,1143.98,1132.99,8705.9201841306
2017-04-06 00:00:00,1132.98,1206.97,1132.99,1192.3,11233.486720841
2017-04-07 00:00:00,1175.26,1203,1192.29,1194,6984.3679792804
2017-04-08 00:00:00,1170,1198,1194,1184.5,4423.1075814203
2017-04-09 00:00:00,1175.8,1221,1184.5,1210.97,5819.8412816202
2017-04-10 00:00:00,1201,1219.78,1210.99,1210,5644.9614761601
2017-04-11 00:00:00,1200,1234,1210,1223.99,5481.0832983402
2017-04-12 00:00:00,1209.61,1227.86,1224,1214.17,6494.1515616203
2017-04-13 00:00:00,1148.98,1219.49,1214.68,1177.05,9426.5374569013
2017-04-14 00:00:00,1170.14,1196.92,1177.05,1173.74,5665.8877522806
2017-04-15 00:00:00,0.06,1190.99,1173.13,1178.85,3972.0031458205
2017-04-16 00:00:00,1171.7,1189.93,1178.84,1177.99,3084.5250385404
2017-04-17 00:00:00,1170.85,1197.6,1177.63,1189.91,6548.0665629711
2017-04-18 00:00:00,1189.76,1206.65,1190.95,1201.94,6269.9092648711
2017-04-19 00:00:00,1191.09,1215.32,1201.88,1214.21,6273.6153761408
2017-04-20 00:00:00,1212.01,1240.6,1214.22,1236.15,7747.1350969307
2017-04-21 00:00:00,1236.15,1258.77,1236.15,1249.99,6669.1451689407
2017-04-22 00:00:00,1221.51,1253,1249.98,1247,6147.3276813304
2017-04-23 00:00:00,1236.2,1254,1246.79,1251.98,5023.5259780103
2017-04-24 00:00:00,1246.31,1261.16,1251.91,1257.29,5906.2590381707
2017-04-25 00:00:00,1256.16,1287,1256.65,1281.16,8117.8379337508
2017-04-26 00:00:00,1279.5,1320,1281.18,1298.44,9597.3208094205
2017-04-27 00:00:00,1295.39,1360,1297.56,1349.26,10484.923615941
2017-04-28 00:00:00,1300.2,1381.01,1349.77,1353.34,14008.227416772
2017-04-29 00:00:00,1335.64,1369.5,1352.96,1365.43,9669.115778681
2017-04-30 00:00:00,1334.02,1394.51,1364.98,1384.55,10541.609917001
2017-05-01 00:00:00,1370.98,1466.69,1384.55,1436.5,16992.300996962
2017-05-02 00:00:00,1426.51,1492.93,1436.5,1471.99,12031.584190611
2017-05-03 00:00:00,1453.68,1533,1471.79,1533,16319.005096922
2017-05-04 00:00:00,1482.06,1665,1533,1563.39,26721.095922724
2017-05-05 00:00:00,1535.11,1630,1561.47,1551.3,16888.140348632
2017-05-06 00:00:00,1551.3,1598.89,1551.3,1585.39,9367.7050125413
2017-05-07 00:00:00,1563.87,1618.31,1585.49,1609.57,11737.569979201
2017-05-08 00:00:00,1608,1713,1611.1,1713,15894.920064352
2017-05-09 00:00:00,1630,1794.7,1712.99,1720.43,19878.968831401
2017-05-10 00:00:00,1691.3,1799.99,1720.24,1794.99,13458.186387982
2017-05-11 00:00:00,1770.95,1889,1794.95,1837.93,15726.104603362
2017-05-12 00:00:00,1651.01,1838,1837.98,1695.61,16526.818795784
2017-05-13 00:00:00,1610,1792.96,1695.56,1792.73,12377.803734574
2017-05-14 00:00:00,1763.33,1829,1791.7,1799.99,6806.4851191411
2017-05-15 00:00:00,1702.42,1802.99,1799.98,1747.81,10191.854248933
2017-05-16 00:00:00,1690.14,1777.76,1747.81,1777.48,11414.508742252
2017-05-17 00:00:00,1745.05,1840,1777.49,1813.23,13806.649690663
2017-05-18 00:00:00,1800,1900,1813.23,1899.16,11390.334358912
2017-05-19 00:00:00,1890.73,1980,1899.47,1976.23,18971.308700761
2017-05-20 00:00:00,1970.04,2059,1976.22,2058.91,13176.268182702
2017-05-21 00:00:00,1988.6,2102.68,2058.89,2057,17762.484391122
2017-05-22 00:00:00,1975,2298,2056.99,2123.29,29431.524346187
2017-05-23 00:00:00,2100.86,2283,2123.29,2272.75,17640.93851589
2017-05-24 00:00:00,2266.51,2474.69,2272.74,2432.97,24659.53425375
2017-05-25 00:00:00,2226.86,2806,2432.96,2355,37192.737613526
2017-05-26 00:00:00,2052.01,2683.18,2362.17,2272.7,31755.177713025
2017-05-27 00:00:00,1913.19,2353.35,2276.46,2099.99,32466.161234265
2017-05-28 00:00:00,2099.86,2342.99,2099.99,2232.78,18342.68197108
2017-05-29 00:00:00,2141.12,2357.86,2237,2279.48,16926.344572761
2017-05-30 00:00:00,2112.31,2336.88,2279.18,2191.58,20915.999994801
2017-05-31 00:00:00,2173.8,2338.91,2191.6,2303.29,21726.930855999
2017-06-01 00:00:00,2302,2488,2303.61,2419.99,21390.33504326
2017-06-02 00:00:00,2379.44,2478.99,2419.98,2478.99,12890.658843711
2017-06-03 00:00:00,2448,2599,2478.99,2548.05,13441.888797691
2017-06-04 00:00:00,2469.98,2556.1,2548.3,2521.36,13820.313664662
2017-06-05 00:00:00,2517.02,2698,2521.43,2698,13599.768904342
2017-06-06 00:00:00,2674.69,2938.55,2698,2871.29,28609.061983707
2017-06-07 00:00:00,2598.7,2885,2871.29,2685.64,19476.18369094
2017-06-08 00:00:00,2611.41,2808.78,2690.02,2799.73,13453.689159712
2017-06-09 00:00:00,2786.2,2861.58,2799.76,2811.39,11440.335615551
2017-06-10 00:00:00,2801.25,2942.04,2811.37,2931.15,18734.801905491
2017-06-11 00:00:00,2881,2998.99,2931.16,2998.98,16295.483036401
2017-06-12 00:00:00,2463.89,2999.99,2998.98,2655.71,38941.182143303
2017-06-13 00:00:00,2649.47,2798.99,2654.36,2709.01,19716.974191512
2017-06-14 00:00:00,2330,2827,2709.02,2432.21,28256.874857668
2017-06-15 00:00:00,2050,2525,2432.21,2409.98,42025.041880908
2017-06-16 00:00:00,2287.84,2524.65,2409.98,2480.43,21891.957718217
2017-06-17 00:00:00,2413.96,2679.24,2480.44,2634.94,17601.284109605
2017-06-18 00:00:00,2455.01,2670,2634.94,2515.25,13831.588648497
2017-06-19 00:00:00,2481.92,2597,2515.25,2596.98,13928.558685128
2017-06-20 00:00:00,2585.42,2776.95,2596.99,2725.08,19229.706220712
2017-06-21 00:00:00,2559.51,2781.59,2725.11,2643.35,18062.070084145
2017-06-22 00:00:00,2598,2724.69,2643.33,2679.99,12179.553782262
2017-06-23 00:00:00,2665,2743,2679.93,2690.76,9674.1401466115
2017-06-24 00:00:00,2503.05,2718.37,2690.76,2574.84,12806.598723633
2017-06-25 00:00:00,2430.05,2625,2574.86,2505.61,13739.171335821
2017-06-26 00:00:00,2258.34,2563.9,2505.61,2407.91,20262.762152946
2017-06-27 00:00:00,2264,2575.75,2407.91,2575.75,22151.51962082
2017-06-28 00:00:00,2457,2605,2573.22,2553.12,16240.954621011
2017-06-29 00:00:00,2506.1,2591.98,2553.13,2530,9048.1610204808
2017-06-30 00:00:00,2446.2,2554.01,2531.16,2455.19,11860.959435902
2017-07-01 00:00:00,2400,2515,2455.19,2423.63,8448.0887985615
2017-07-02 00:00:00,2385,2545,2424.08,2516.66,9098.2891988612
2017-07-03 00:00:00,2479.75,2584.78,2515.37,2542.41,10043.514800852
2017-07-04 00:00:00,2542.18,2636.1,2542.41,2602,10680.565221721
2017-07-05 00:00:00,2551.06,2630.24,2602,2616.96,10183.630103231
2017-07-06 00:00:00,2580.69,2623.54,2616.96,2604.84,8207.9665768709
2017-07-07 00:00:00,2472,2607.61,2604.89,2501.15,11640.781571151
2017-07-08 00:00:00,2471.22,2563.5,2501.15,2561.11,7869.881312771
2017-07-09 00:00:00,2500,2579.84,2560.84,2508.99,5647.4342694906
2017-07-10 00:00:00,2250,2523,2508,2331.05,15554.005094903
2017-07-11 00:00:00,2265,2410,2330.93,2310.01,15670.550647244
2017-07-12 00:00:00,2250,2415,2309.62,2383.42,13834.471974632
2017-07-13 00:00:00,2308.14,2416.79,2384.35,2340,9541.5394331109
2017-07-14 00:00:00,2150,2349.28,2340,2217.24,13548.777809901
2017-07-15 00:00:00,1964.31,2224.82,2217.02,1964.31,16334.188647173
2017-07-16 00:00:00,1758.2,2043.94,1964.33,1911.78,21740.892740346
2017-07-17 00:00:00,1909.58,2238.07,1911.79,2235.19,21436.764537096
2017-07-18 00:00:00,2134.37,2393.43,2235.14,2308.15,23791.817577742
2017-07-19 00:00:00,2216,2396,2307.48,2258.99,18567.47611252
2017-07-20 00:00:00,2258.99,2957,2258.99,2873.48,36509.167874162
2017-07-21 00:00:00,2608.27,2880,2873.45,2657.45,23062.175429537
2017-07-22 00:00:00,2646.95,2869.88,2661.05,2825.27,12225.617636793
2017-07-23 00:00:00,2691,2848,2825.27,2754.28,10194.974750192
2017-07-24 00:00:00,2726.8,2799.2,2755.19,2762.26,8105.6451124828
2017-07-25 00:00:00,2449.69,2782.44,2761.68,2564,19195.64260736
2017-07-26 00:00:00,2403,2614,2564,2525.99,13015.855218722
2017-07-27 00:00:00,2514.1,2686.2,2525.98,2664.99,10034.527065721
2017-07-28 00:00:00,2655.55,2825.11,2664.99,2786.07,17189.246742041
2017-07-29 00:00:00,2656,2790.99,2786.07,2700.21,9860.1322406811
2017-07-30 00:00:00,2500,2739.98,2700.2,2723.99,8450.9327680012
2017-07-31 00:00:00,2700,2900,2723.99,2858.43,11461.324140701
2017-08-01 00:00:00,2676.01,2925,2856.89,2732.59,9772.9694750122
2017-08-02 00:00:00,2650,2758.06,2731.6,2699.9,8422.2753773513
2017-08-03 00:00:00,2699.89,2799,2699.9,2787.02,7425.9574562608
2017-08-04 00:00:00,2760,2877.79,2787.05,2857.34,7714.9804797309
2017-08-05 00:00:00,2857.34,3335,2857.34,3243.49,21614.600611229
2017-08-06 00:00:00,3150,3278.42,3243.5,3222.22,8666.200782181
2017-08-07 00:00:00,3190,3416,3222.22,3398.23,11324.916202801
2017-08-08 00:00:00,3349.91,3489,3398.23,3422.43,16013.938951692
2017-08-09 00:00:00,3232.62,3428.29,3423.28,3342.8,13076.146270762
2017-08-10 00:00:00,3317,3448,3342.8,3444.98,9348.3591486509
2017-08-11 00:00:00,3416.86,3725,3444.98,3656.15,15315.752361281
2017-08-12 00:00:00,3622.87,3974,3656.14,3874,18972.1433559
2017-08-13 00:00:00,3850,4200,3874,4060.47,23522.141985699
2017-08-14 00:00:00,3985.01,4328,4060.47,4320.6,20059.96196841
2017-08-15 00:00:00,3807.14,4434.42,4320.53,4159.93,32018.068220517
2017-08-16 00:00:00,3928.82,4385.5,4159.93,4370.01,17969.626206342
2017-08-17 00:00:00,4180,4469,4370.01,4280.01,19980.891605041
2017-08-18 00:00:00,3960.47,4350,4280.01,4101.72,20823.051415541
2017-08-19 00:00:00,4000,4186.1,4101.72,4157.41,10502.74082464
2017-08-20 00:00:00,4044.52,4190.21,4157.41,4050.99,8331.8723587896
2017-08-21 00:00:00,3950.88,4089.99,4050.99,4002,12417.657075551
2017-08-22 00:00:00,3583.46,4145,4002,4092,21921.828537171
2017-08-23 00:00:00,4058.26,4247.88,4092,4143.49,11746.004149801
2017-08-24 00:00:00,4112.76,4349.99,4142.5,4312.03,10247.984209112
2017-08-25 00:00:00,4284.01,4453.9,4312.03,4360,10918.779728362
2017-08-26 00:00:00,4260.01,4374.39,4360,4344.32,6146.4787620608
2017-08-27 00:00:00,4309.87,4392,4344.32,4340.11,7041.3442017713
2017-08-28 00:00:00,4200,4396,4343.5,4384.99,10452.603820731
2017-08-29 00:00:00,4350,4656.83,4384.99,4599,14509.958123791
2017-08-30 00:00:00,4500.55,4635.21,4599.01,4581.98,10383.434304603
2017-08-31 00:00:00,4580.84,4769.03,4581.98,4743.94,13628.457778114
2017-09-01 00:00:00,4706,4948,4743.94,4947.99,16759.143608382
2017-09-02 00:00:00,4500,4980,4948,4649.99,19577.188745491
2017-09-03 00:00:00,4524,4749.99,4642.39,4626.05,11568.858765382
2017-09-04 00:00:00,4234.16,4628.05,4626.05,4498.25,20518.88448285
2017-09-05 00:00:00,4242.38,4514.95,4498.46,4432.51,17315.430192011
2017-09-06 00:00:00,4431,4692,4432.51,4616.18,16174.304331051
2017-09-07 00:00:00,4475.01,4665.44,4616.18,4624.18,8455.0414798308
2017-09-08 00:00:00,4140,4679.99,4624.18,4350,22101.268559667
2017-09-09 00:00:00,4180,4449.95,4350,4334.36,10073.89558667
2017-09-10 00:00:00,4139,4349.99,4334.36,4251.36,10078.374856741
2017-09-11 00:00:00,4111.14,4365,4251.36,4210.72,9068.2550756206
2017-09-12 00:00:00,4080,4375.37,4210.72,4164.52,12373.3985777
2017-09-13 00:00:00,3726,4174.53,4164.52,3855.32,22842.53225552
2017-09-14 00:00:00,3230.05,3923,3855.61,3250.4,36338.027247473
2017-09-15 00:00:00,2975.01,3894.48,3249.99,3740.02,54488.482419478
2017-09-16 00:00:00,3600,4042.98,3740.02,3726.51,19031.675972171
2017-09-17 00:00:00,3475.64,3841,3726.51,3719.97,11718.88020167
2017-09-18 00:00:00,3717.56,4130,3719.98,4100,16906.723389981
2017-09-19 00:00:00,3850.44,4125.22,4100,3910.11,13781.155386421
2017-09-20 00:00:00,3850.01,4044,3910.11,3872.06,9910.4011142905
2017-09-21 00:00:00,3571,3903.57,3872.07,3617.47,14978.485426009
2017-09-22 00:00:00,3509.79,3767.77,3617.47,3619.01,12649.011300761
2017-09-23 00:00:00,3580,3818.89,3619.01,3787.33,6595.9353066701
2017-09-24 00:00:00,3630.01,3789.36,3787.33,3669.01,4692.7909024403
2017-09-25 00:00:00,3669.01,3969.37,3669.01,3919.78,9583.737589111
2017-09-26 00:00:00,3854.29,3960,3919.98,3885.09,5893.2235383308
2017-09-27 00:00:00,3880.36,4228.39,3885.09,4200,12072.668695739
2017-09-28 00:00:00,4122,4269.95,4200,4189.42,7903.9208905408
2017-09-29 00:00:00,4015.17,4212.99,4189.42,4156.99,10360.833880711
2017-09-30 00:00:00,4143.52,4356.28,4156.99,4339,6235.0784560406
2017-10-01 00:00:00,4258.68,4396.99,4339.01,4394.81,2218.2447578997
2017-10-02 00:00:00,4354.99,4470,4394.81,4392.71,3605.8132303602
2017-10-03 00:00:00,4242.42,4419.95,4392.71,4307.99,3316.78128705
2017-10-04 00:00:00,4179.99,4344,4307.99,4214.84,2485.2018298801
2017-10-05 00:00:00,4150.01,4362.66,4214.84,4322.4,2537.2872847301
2017-10-06 00:00:00,4299.99,4406.99,4320.02,4362.99,2795.7080865097
2017-10-07 00:00:00,4320,4449.42,4363,4425,1716.9355586501
2017-10-08 00:00:00,4421.33,4612,4425,4603.49,3068.44657481
2017-10-09 00:00:00,4561.01,4875.3,4603.5,4769.55,5147.9886793896
2017-10-10 00:00:00,4703.05,4925.65,4769.55,4750,4805.6650828998
2017-10-11 00:00:00,4720.39,4869.49,4750,4814.99,2878.8047684603
2017-10-12 00:00:00,4809.97,5440,4814.99,5440,6835.2601769306
2017-10-13 00:00:00,5390,5865.47,5440,5624.8,7562.9400043199
2017-10-14 00:00:00,5567.86,5839.8,5624.87,5819.13,3612.2758299296
2017-10-15 00:00:00,5455.5,5849.83,5819.13,5693.7,3668.8076266001
2017-10-16 00:00:00,5575.63,5785.3,5693.7,5754.9,3306.8929323898
2017-10-17 00:00:00,5525.21,5769.55,5754.9,5594,3252.6374581404
2017-10-18 00:00:00,5103.6,5600,5593.97,5574.44,6102.6803193505
2017-10-19 00:00:00,5529.44,5744.8,5574.02,5704.01,3355.8600331
2017-10-20 00:00:00,5630,6063.99,5704,5989.1,5246.9418461888
2017-10-21 00:00:00,5868.77,6189.1,5989.1,6024.85,5042.1111284
2017-10-22 00:00:00,5755.95,6082.18,6024.85,6005.05,3575.5265456201
2017-10-23 00:00:00,5651.84,6057.02,6005.05,5905.99,5835.57175049
2017-10-24 00:00:00,5467.6,5906,5906,5525.43,5646.0978027401
2017-10-25 00:00:00,5376.72,5765,5525.43,5739.97,4888.3772010402
2017-10-26 00:00:00,5701,5985,5739.97,5891.61,4042.6407929498
2017-10-27 00:00:00,5708.8,5998,5891.61,5780,3473.1029186201
2017-10-28 00:00:00,5715,5893.97,5780,5752.01,2430.6523417401
2017-10-29 00:00:00,5729.84,6288.13,5752.01,6140.01,3304.4513468004
2017-10-30 00:00:00,6028.06,6200,6140.01,6124.16,3082.8242556503
2017-10-31 00:00:00,6099,6472.13,6124.16,6445.01,4826.8183321104
2017-11-01 00:00:00,6365.57,6783.69,6445.01,6783.69,7448.5997966908
2017-11-02 00:00:00,6760.6,7445,6783.69,7039.98,10030.190683971
2017-11-03 00:00:00,6955.89,7449.99,7039.99,7170.01,7136.7685356511
2017-11-04 00:00:00,7011.37,7498,7170.01,7410,4274.9126288001
2017-11-05 00:00:00,7312,7630,7412.35,7392,5048.7060043404
2017-11-06 00:00:00,6900.73,7432.34,7391.95,6969.76,6589.2442723213
2017-11-07 00:00:00,6969.69,7232.81,6969.76,7126.63,5272.0025716698
2017-11-08 00:00:00,7034.9,7898,7128.99,7467.96,8704.0742920105
2017-11-09 00:00:00,7080,7470.01,7467.97,7156,5902.1218313611
2017-11-10 00:00:00,6427.03,7349.01,7156,6577.62,8975.3498296007
2017-11-11 00:00:00,6201.02,6894.83,6577.63,6346.7,8437.9566125301
2017-11-12 00:00:00,5511.11,6484.97,6346.64,5886.35,8487.7020619604
2017-11-13 00:00:00,5850,6840,5886.35,6535.87,8197.8004814202
2017-11-14 00:00:00,6465.41,6748,6535.87,6605,5361.9634355596
2017-11-15 00:00:00,6605,7348,6605,7294,7233.8532142303
2017-11-16 00:00:00,7130,7985.37,7294,7838.53,7797.5848595403
2017-11-17 00:00:00,7537.01,7988.5,7838.54,7714.71,6866.2256785712
2017-11-18 00:00:00,7502,7847.98,7714.7,7777.01,4758.0928995401
2017-11-19 00:00:00,7700.12,8098.62,7777.01,8031.82,4554.3923430408
2017-11-20 00:00:00,7969,8293.23,8031.83,8256.01,6004.2738261587
2017-11-21 00:00:00,7803.15,8375,8256.01,8109,7899.8536043304
2017-11-22 00:00:00,8103.13,8298.98,8109,8250,4813.6194264899
2017-11-23 00:00:00,8031.16,8274.98,8250,8031.17,4397.5381619698
2017-11-24 00:00:00,7906.2,8324,8031.16,8215.01,5558.1185556895
2017-11-25 00:00:00,8203.98,8795.5,8215.01,8795.5,6195.6281167901
2017-11-26 00:00:00,8795.5,9595.82,8795.5,9401.11,8075.0933897011
2017-11-27 00:00:00,9401.1,9795,9401.11,9768.71,8296.5614478906
2017-11-28 00:00:00,9708.82,9989.95,9768.71,9949,6926.9135371703
2017-11-29 00:00:00,8595.55,11485,9949,9920,12478.452836361
2017-11-30 00:00:00,9135.6,10850,9920.81,9903.01,8530.5099897209
2017-12-01 00:00:00,9517,10937,9903.01,10869.85,8390.3841230114
2017-12-02 00:00:00,10701,11100,10869.85,10930.24,6352.8131769304
2017-12-03 00:00:00,10601.03,11891,10930.24,11290,7132.0027385801
2017-12-04 00:00:00,10950.01,11643.98,11290,11643.98,6025.1494778298
2017-12-05 00:00:00,11535,11875,11643.99,11718.35,5970.7498255202
2017-12-06 00:00:00,11717.51,14399.99,11718.34,14090,10957.551032571
2017-12-07 00:00:00,13500,19528.07,14090,17390.01,12260.424654421
2017-12-08 00:00:00,13790,17776,17390.01,16367.03,10742.345345911
2017-12-09 00:00:00,13550,16499,16367.03,15309.98,6901.2253625807
2017-12-10 00:00:00,13501,16290.8,15309.99,15250,8799.7906685009
2017-12-11 00:00:00,15209.6,17493,15290.01,16885.76,7676.3509814111
2017-12-12 00:00:00,16375,18149.98,16885.76,17730.12,7460.5399712409
2017-12-13 00:00:00,15700,17900,17730.12,16689.61,7536.3789361809
2017-12-14 00:00:00,16259,17199.6,16689.62,16749.78,4701.2970163701
2017-12-15 00:00:00,16745,17899,16749.79,17738,6597.2517689304
2017-12-16 00:00:00,17630,19797,17738.68,19650.01,6656.3686744104
2017-12-17 00:00:00,19016.72,19891.99,19650.02,19378.99,4979.9256806506
2017-12-18 00:00:00,18201.4,19385,19378.99,19039.01,6241.8549285007
2017-12-19 00:00:00,16800,19097,19039.01,17838.73,7733.2304688507
2017-12-20 00:00:00,14059.48,17889.99,17838.73,16496.9,8378.8876340615
2017-12-21 00:00:00,15158.11,17364.57,16496.9,15758.8,6135.8791301705
2017-12-22 00:00:00,10400,15974.94,15758.8,14210.57,14702.272849211
2017-12-23 00:00:00,13750,16261,14229.47,15075.89,8959.8411745319
2017-12-24 00:00:00,13210,15105.03,15100,14221.94,7330.3421649006
2017-12-25 00:00:00,13500,14774,14221.94,14171.98,4626.2136010405
2017-12-26 00:00:00,14171.98,16146.95,14171.99,15790.88,6544.0774835502
2017-12-27 00:00:00,14528,16490,15790.88,15367.08,6891.6212389104
2017-12-28 00:00:00,13500,15489,15360.01,14450.01,8739.5279295205
2017-12-29 00:00:00,14041.81,15105.34,14450.01,14565.05,6396.3688927903
2017-12-30 00:00:00,12500,14639.79,14600,12839.99,7965.9571707413
2017-12-31 00:00:00,12636.5,14280.26,12839.98,13863.13,5911.6985093403
